Generated On,Yield,Irradiance,Temp,Rain,Wind,Dust,Income,Label
"2019-02-28	",1729.81,24268,27.3,0,25.928,24,6919.24,3
"2019-03-01	",1708.25,24098,28.4,0,31.484,31,6833,3
"2019-03-04	",1854.02,26528,28,0,24.076,28,7416.08,3
"2019-03-05	",1413.29,23243,27.2,0,24.076,32,5653.16,2
"2019-03-06	",1756.71,24426,27.4,0,25.928,22,7026.84,3
"2019-03-07	",1782.15,26770,27.6,0,22.224,26,7128.6,3
"2019-03-08	",1884.15,26537,27.1,0,29.632,26,7536.6,3
"2019-03-09	",1915.91,27818,27.1,0,25.928,21,7663.64,3
"2019-03-11	",1660.66,23828,28.5,0,20.372,24,6642.64,2
"2019-03-12	",1715.34,23716,29.1,0,24.076,32,6861.36,3
"2019-03-13	",1797.54,26355,28.8,0,25.928,27,7190.16,3
"2019-03-15	",1798.33,26493,28.5,0,27.78,22,7193.32,3
"2019-03-16	",1477.96,20671,28,0,31.484,31,5911.84,2
"2019-03-17	",1507.87,19311,28.2,0,33.336,34,6031.48,2
"2019-03-20	",1700.41,24024,28.5,0,33.336,24,6801.64,3
"2019-03-21	",1848.73,27101,29.1,0,22.224,22,7394.92,3
"2019-03-23	",1790.37,26609,28,0,22.224,33,7161.48,3
"2019-03-24	",1260.03,19396,27.9,0,25.928,36,5040.12,2
"2019-03-25	",647.4,8565,27.1,0.1,20.372,25,2589.6,1
"2019-03-26	",1484.52,20719,28.8,0,29.632,12,5938.08,2
"2019-03-28	",1737.01,23992,29,0,33.336,27,6948.04,3
"2019-03-29	",1487.33,21681,29.6,0,20.372,26,5949.32,2
"2019-03-31	",1509.57,23541,29.4,0,25.928,22,6038.28,2
"2019-04-01	",1522.6,21450,28.9,0,24.076,23,6090.4,2
"2019-04-03	",1200.36,16607,28.6,0,27.78,22,4801.44,2
"2019-04-05	",1967.47,28746,28.7,0,22.224,24,7869.88,3
"2019-04-06	",1766.92,24448,29.7,0,29.632,24,7067.68,3
"2019-04-07	",892.65,11401,29.9,0,31.484,18,3570.6,2
"2019-05-09	",743.48,10149,27.3,1.3,24.076,17,2973.92,1
"2019-05-10	",1465.52,19901,28,6.7,42.596,22,5862.08,2
"2019-05-11	",1363.54,18567,28.5,0,25.928,21,5454.16,2
"2019-05-12	",1487.35,19748,29.7,0,25.928,20,5949.4,2
"2019-05-13	",1171.48,15777,27.5,19.9,24.076,26,4685.92,2
"2019-05-14	",1352.32,18895,28.3,1.2,25.928,18,5409.28,2
"2019-05-15	",1243.51,18132,27.5,10.7,44.448,13,4974.04,2
"2019-05-16	",1219.21,16563,27.2,1.9,27.78,16,4876.84,2
"2019-05-17	",1615.07,22105,29.1,0,22.224,15,6460.28,2
"2019-05-18	",1487,19202,28.2,6.6,25.928,25,5948.00,2
"2019-05-19	",1650.87,23923,27.6,12.1,33.336,21,6603.48,2
"2019-05-20	",1760.64,23786,28.2,4.7,11.112,19,7042.56,3
"2019-05-21	",1586.43,21850,28.7,7.7,25.928,18,6345.72,2
"2019-05-22	",1362.72,17865,28.9,0,27.78,17,5450.88,2
"2019-05-23	",1280.52,16805,27.8,1.5,46.3,15,5122.08,2
"2019-05-24	",1419.03,18300,27.8,0,25.928,16,5676.12,2
"2019-05-25	",1182.98,16626,26.7,10.4,31.484,15,4731.92,2
"2019-05-26	",1604.6,22651,28.2,10.6,25.928,11,6418.4,2
"2019-05-27	",1482.68,19370,28.6,0.2,20.372,11,5930.72,2
"2019-05-29	",1511.47,18458,27.8,5.7,40.744,16,6045.88,2
"2019-05-30	",1159.76,15162,28.6,0.1,22.224,14,4639.04,2
"2019-05-31	",1327.08,17053,28.5,7.9,20.372,12,5308.32,2
"2019-06-01	",1582.63,21656,28.5,0,33.336,15,6330.52,2
"2019-06-02	",1451.73,17945,28.7,0.6,29.632,14,5806.92,2
"2019-06-03	",1363.41,17816,28,41.9,22.224,12,5453.64,2
"2019-06-04	",1487.44,19150,28.8,0,22.224,14,5949.76,2
"2019-06-05	",866.43,11129,27.7,8.1,12.964,22,3465.72,2
"2019-06-06	",1334.62,16394,27.3,2,16.668,7,5338.48,2
"2019-06-07	",1284.47,17444,26.7,2,31.484,10,5137.88,2
"2019-06-08	",1182.77,14239,27.2,0.8,25.928,9,4731.08,2
"2019-06-09	",876.25,10929,25.3,19.1,16.668,11,3505,2
"2019-06-10	",1384.23,18388,27.4,12.6,64.82,8,5536.92,2
"2019-06-11	",1417.97,18794,28.3,0,14.816,12,5671.88,2
"2019-06-12	",1637.11,23461,29.6,0,25.928,17,6548.44,2
"2019-06-13	",1570.03,20276,29.5,0,29.632,16,6280.12,2
"2019-06-14	",1619.62,18839,28.1,1.2,46.3,16,6478.48,2
"2019-06-15	",1592.24,20995,28.8,0.7,9.26,11,6368.96,2
"2019-06-16	",1333.14,16546,28.4,0.4,20.372,11,5332.56,2
"2019-06-17	",779.91,9849,27.5,2.2,27.78,17,3119.64,1
"2019-06-18	",1110.34,15574,26.6,14,50.004,10,4441.36,2
"2019-06-19	",1457.45,19902,28,0,20.372,13,5829.8,2
"2019-06-20	",1575.27,19509,29.6,0,18.52,17,6301.08,2
"2019-06-21	",1680.81,21058,29.1,0,16.668,14,6723.24,3
"2019-06-22	",1263.49,14805,28.2,2,29.632,12,5053.96,2
"2019-06-23	",1270.1,16187,27,69.5,29.632,14,5080.4,2
"2019-06-24	",1037.84,13607,27.9,0.3,24.076,11,4151.36,2
"2019-06-25	",1300.92,15681,27.3,1.5,29.632,11,5203.68,2
"2019-06-26	",1610.01,21890,28.7,0,35.18,11,6440.04,2
"2019-06-28	",1527.87,19812,28.7,0,37.04,17,6111.48,2
"2019-06-29	",1581.61,19978,28.7,0,29.632,20,6326.44,2
"2019-06-30	",1541.74,19269,29.2,0,25.928,20,6166.96,2
"2019-07-01	",1698.35,23845,30.7,0,33.336,14,6793.4,3
"2019-07-02	",1496.73,18832,29.3,2,27.78,19,5986.92,2
"2019-07-03	",752.51,9627,27.5,0,18.52,15,3010.04,1
"2019-07-04	",1249.65,16476,28.4,0,29.632,16,4998.6,2
"2019-07-06	",1542.7,20166,27.7,0,20.372,26,6170.8,2
"2019-07-07	",1677.86,20357,28.4,3.2,24.076,19,6711.44,2
"2019-07-08	",1219.04,15782,27.2,4.6,35.18,17,4876.16,2
"2019-07-09	",1875.75,25578,28.3,0,18.52,20,7503,3
"2019-07-10	",1428.79,18404,27.8,8.4,24.076,21,5715.16,2
"2019-07-11	",1599.08,20433,28.5,0,18.52,23,6396.32,2
"2019-07-12	",1409.21,18144,27,6.3,31.484,20,5636.84,2
"2019-07-13	",1478.52,18916,27.7,0.7,35.18,23,5914.08,2
"2019-07-14	",1660.75,21344,28.7,0,27.78,15,6643,2
"2019-07-15	",1596.92,22019,28.3,0,29.632,13,6387.68,2
"2019-07-16	",914.41,13045,26.3,13.2,27.78,13,3657.64,2
"2019-07-17	",1389.64,18391,27.2,1.8,27.78,10,5558.56,2
"2019-07-18	",1153.29,15401,26.3,9.3,57.412,8,4613.16,2
"2019-07-19	",1197.8,15472,26,13,25.928,7,4791.2,2
"2019-07-20	",1220.06,15200,26.8,4.6,48.152,9,4880.24,2
"2019-07-21	",1668.63,22068,28.1,0,24.076,11,6674.52,2
"2019-07-22	",1719.42,23991,29,0,22.224,12,6877.68,3
"2019-07-23	",1738.5,22625,28.5,0,24.076,14,6954,3
"2019-07-24	",1598.01,21920,28.1,0,27.78,20,6392.04,2
"2019-07-25	",1147.45,14912,27.8,0,18.52,19,4589.8,2
"2019-07-26	",1509.59,20857,29.4,0.4,14.816,23,6038.36,2
"2019-07-28	",1719.74,22005,28.1,0.1,20.372,14,6878.96,3
"2019-07-29	",1297.97,18632,29,0,29.632,17,5191.88,2
"2019-07-30	",1712.32,23102,29.2,0,27.78,19,6849.28,3
"2019-07-31	",1575.06,21012,28.9,0,27.78,16,6300.24,2
"2019-08-01	",1607.22,20033,28.6,0,37.04,16,6428.88,2
"2019-08-02	",993.68,14013,27.1,3.6,37.04,17,3974.72,2
"2019-08-03	",1011.07,13069,26.9,2.6,27.78,17,4044.28,2
"2019-08-04	",1439.35,17292,28.6,1.3,37.04,11,5757.4,2
"2019-08-05	",875.83,11868,26.6,17.8,50.004,12,3503.32,2
"2019-08-06	",1779.26,23509,28.7,0,14.816,10,7117.04,3
"2019-08-07	",1266.42,15769,27.2,0,31.484,13,5065.68,2
"2019-08-09	",649.73,8391,25.8,11.5,31.484,12,2598.92,1
"2019-08-10	",1475.01,19747,26.7,2.2,35.18,7,5900.04,2
"2019-08-11	",1089.12,14170,26.3,5.2,7.408,10,4356.48,2
"2019-08-13	",1567.74,21370,27.5,15.6,33.336,18,6270.96,2
"2019-08-14	",1555.97,20117,28.1,0,27.78,12,6223.88,2
"2019-08-15	",1280.5,16417,27.3,4.6,35.18,14,5122,2
"2019-08-16	",1419.48,18567,27,0.4,9.26,6,5677.92,2
"2019-08-17	",1423.76,17866,27.3,0,27.78,8,5695.04,2
"2019-08-18	",1831.51,26123,28.5,0,24.076,13,7326.04,3
"2019-08-19	",1730.77,24504,28.2,0,22.224,15,6923.08,3
"2019-08-20	",1723.66,25712,28.4,1.2,25.928,20,6894.64,3
"2019-08-21	",1467.57,20065,27.9,0,48.152,16,5870.28,2
"2019-08-22	",1618.33,20819,28,0,22.224,10,6473.32,2
"2019-08-23	",1474.87,20569,27.6,1.5,44.448,11,5899.48,2
"2019-08-24	",1575.31,21793,27.6,0.8,57.412,10,6301.24,2
"2019-08-25	",1153.44,15675,26.3,2.6,29.632,7,4613.76,2
"2019-08-26	",1206.42,15281,27.3,3.5,24.076,12,4825.68,2
"2019-08-27	",879.3,11106,26.6,1.6,16.668,11,3517.2,2
"2019-08-28	",148.42,1868,26.3,0.3,20.372,8,593.68,1
"2019-08-29	",897.72,11175,26,7.8,20.372,10,3590.88,2
"2019-08-30	",628.62,7743,24.8,10.6,14.816,7,2514.48,1
"2019-08-31	",1092.26,13178,25.4,4.7,7.408,9,4369.04,2
"2019-09-01	",1173.17,15102,25.9,0.2,20.372,8,4692.68,2
"2019-09-02	",923.19,11592,26.7,0,16.668,9,3692.76,2
"2019-09-03	",968.78,12570,27.1,0,27.78,16,3875.12,2
"2019-09-04	",740.38,9427,27.1,0.9,33.336,15,2961.52,1
"2019-09-05	",1319.71,16171,27.7,0.1,24.076,16,5278.84,2
"2019-09-06	",1171.82,15591,27.7,0,14.816,21,4687.28,2
"2019-09-07	",1687.82,23417,29,0,24.076,21,6751.28,3
"2019-09-08	",1327.59,17899,27.5,30.3,31.484,17,5310.36,2
"2019-09-09	",1115.78,15583,26.4,15.8,24.076,12,4463.12,2
"2019-09-10	",1768.11,23687,27.5,1.6,18.52,12,7072.44,3
"2019-09-11	",1413.07,18740,27.1,9,33.336,12,5652.28,2
"2019-09-12	",1512.75,20788,27.9,0.6,33.336,13,6051,2
"2019-09-13	",1512.95,19323,25.4,0.2,20.372,14,6051.8,2
"2019-09-14	",752.32,9632,24.6,14,42.596,10,3009.28,1
"2019-09-15	",984,12266,25,5.9,18.52,7,3936,2
"2019-09-16	",1028.49,12533,25.8,0.8,14.816,7,4113.96,2
"2019-09-17	",773.65,9472,24.9,5.7,22.224,9,3094.6,1
"2019-09-18	",1320.03,16647,26.9,0,22.224,8,5280.12,2
"2019-09-19	",1518.08,20518,27.1,0,46.3,8,6072.32,2
"2019-09-20	",1426.96,19323,27.7,0,27.78,15,5707.84,2
"2019-09-21	",1623.78,21837,27,0,35.18,15,6495.12,2
"2019-09-22	",963.4,12138,26.2,22.4,24.076,19,3853.6,2
"2019-09-23	",1160.44,14728,26.1,0.5,16.668,20,4641.76,2
"2019-09-24	",1373.8,17758,26.9,8.3,25.928,22,5495.2,2
"2019-09-25	",907.4,11533,25.9,18,31.484,21,3629.6,2
"2019-09-26	",1262.56,16406,27.2,1.3,24.076,20,5050.24,2
"2019-09-27	",1767.99,23504,27.6,0,25.928,17,7071.96,3
"2019-09-28	",918.32,11710,26,9.9,24.076,11,3673.28,2
"2019-09-29	",1706.2,21133,26.9,0,24.076,12,6824.8,3
"2019-09-30	",1544.66,22175,27.4,0,22.224,18,6178.64,2
"2019-10-01	",1602.58,21956,27,4.5,22.224,14,6410.32,2
"2019-10-02	",1434.51,19845,27,0,22.224,17,5738.04,2
"2019-10-03	",1338.04,19276,26.7,0,14.816,16,5352.16,2
"2019-10-04	",1585.88,21384,27.4,49.1,14.816,16,6343.52,2
"2019-10-05	",1063.09,15522,26.8,1.8,24.076,10,4252.36,2
"2019-10-06	",1139.48,15049,26.6,13.9,18.52,13,4557.92,2
"2019-10-07	",1254.07,16826,26.7,0,14.816,12,5016.28,2
"2019-10-08	",1533.41,20593,27.2,0,20.372,11,6133.64,2
"2019-10-09	",1386.22,19596,27.1,0,14.816,15,5544.88,2
"2019-10-11	",1480.07,19240,27.6,0,16.668,16,5920.28,2
"2019-10-12	",1609.68,21547,28,0,14.816,21,6438.72,2
"2019-10-13	",1294.42,16229,26.8,0,27.78,17,5177.68,2
"2019-10-14	",597.83,7735,25.2,1.3,11.112,13,2391.32,1
"2019-10-15	",1040.32,13542,26.3,0.8,12.964,15,4161.28,2
"2019-10-16	",581.88,7108,26.2,8.3,14.816,13,2327.52,1
"2019-10-17	",865.96,10291,25.2,24.3,16.668,11,3463.84,2
"2019-10-18	",572.09,7226,25.3,9.7,11.112,10,2288.36,1
"2019-10-19	",645.32,7957,25.4,10.7,25.928,7,2581.28,1
"2019-10-20	",777.02,9490,26.1,73.7,40.744,6,3108.08,1
"2019-10-21	",749.41,9536,25.2,27.7,31.484,7,2997.64,1
"2019-10-22	",1177.53,15296,26.9,0,16.668,12,4710.12,2
"2019-10-23	",1147.61,14691,27.7,0,16.668,12,4590.44,2
"2019-10-24	",1178.68,16587,27.4,0.4,18.52,11,4714.72,2
"2019-10-25	",1245.44,17666,27.3,0.6,11.112,10,4981.76,2
"2019-10-26	",1162.52,15051,27.2,0,22.224,14,4650.08,2
"2019-10-27	",1331.87,18345,27,2.2,29.632,17,5327.48,2
"2019-10-28	",1340.21,16388,27,0,11.112,15,5360.84,2
"2019-10-29	",1471.78,20678,27.8,0,16.668,13,5887.12,2
"2019-10-30	",1288.16,16797,27.4,0.5,18.52,14,5152.64,2
"2019-10-31	",1060.47,15274,27.3,2.3,18.52,16,4241.88,2
"2019-11-01	",1488.99,18064,27.8,0,18.52,23,5955.96,2
"2019-11-02	",1104.24,13757,26.5,7.5,20.372,10,4416.96,2
"2019-11-03	",1372.82,17578,26.5,0,22.224,11,5491.28,2
"2019-11-04	",971.37,13155,26.2,8.1,27.78,11,3885.48,2
"2019-11-05	",1107.56,14515,26.5,21,22.224,9,4430.24,2
"2019-11-06	",1192.06,15609,25.7,15.8,35.18,9,4768.24,2
"2019-11-07	",1194.9,15079,26.1,18.6,18.52,10,4779.6,2
"2019-11-08	",1485.26,19717,26.3,28.1,27.78,9,5941.04,2
"2019-11-09	",1372.14,17408,26.8,14.5,18.52,9,5488.56,2
"2019-11-10	",898.83,10994,25.9,1.7,11.112,17,3595.32,2
"2019-11-11	",1565.54,20508,25.8,0,20.372,35,6262.16,2
"2019-11-12	",1634.57,21611,26.3,0,14.816,40,6538.28,2
"2019-11-13	",1625.98,22152,26.8,0,18.52,37,6503.92,2
"2019-11-14	",1348.97,17279,27.2,0,25.928,30,5395.88,2
"2019-11-15	",951.04,12168,26.8,9.3,29.632,20,3804.16,2
"2019-11-16	",1600.92,19629,27,0,22.224,18,6403.68,2
"2019-11-17	",1351.31,18274,27,0,18.52,22,5405.24,2
"2019-11-18	",1395.35,18586,27.5,0,24.076,20,5581.4,2
"2019-11-20	",717.04,3963,24.6,18.9,35.18,10,2868.16,1
"2019-11-21	",1041.86,12990,25.4,0.2,18.52,13,4167.44,2
"2019-11-22	",1461.83,17631,26.6,0,22.224,15,5847.32,2
"2019-11-23	",1577.76,20172,27.2,0,20.372,15,6311.04,2
"2019-11-24	",1650.23,21610,26.4,0,18.52,15,6600.92,2
"2019-11-25	",991.27,12909,25.7,2.6,22.224,16,3965.08,2
"2019-11-26	",1070.73,13145,26.3,1.7,29.632,8,4282.92,2
"2019-11-27	",758.25,9405,26.5,2.3,18.52,9,3033,1
"2019-11-28	",1145.18,13431,26.4,9,22.224,9,4580.72,2
"2019-11-29	",892.59,11491,26.7,13.7,33.336,10,3570.36,2
"2019-11-30	",1131.11,13839,26.3,2.1,27.78,9,4524.44,2
"2019-12-01	",1079.52,15354,26.9,0,20.372,11,4318.08,2
"2019-12-02	",1497.8,19620,27.2,0.4,9.26,11,5991.2,2
"2019-12-03	",840.6,10483,25.8,8.5,27.78,15,3362.4,2
"2019-12-04	",843.44,9876,25,2.7,20.372,14,3373.76,2
"2019-12-05	",1041.79,13155,25.4,6.4,20.372,16,4167.16,2
"2019-12-06	",892.78,10889,25,0,40.744,19,3571.12,2
"2019-12-07	",1097.64,13657,24.2,1.4,33.336,22,4390.56,2
"2019-12-08	",784.73,9097,24.1,6.1,18.52,22,3138.92,1
"2019-12-09	",951.9,11484,24.8,0,35.18,23,3807.6,2
"2019-12-10	",1290.15,14976,25.1,0,27.78,22,5160.6,2
"2019-12-11	",1593.46,21095,25.6,0,29.632,17,6373.84,2
"2019-12-12	",1296.68,16660,25.8,0,29.632,19,5186.72,2
"2019-12-13	",1259.81,15725,25.7,0,22.224,18,5039.24,2
"2019-12-14	",1163.86,16262,26.2,0,27.78,19,4655.44,2
"2019-12-15	",492.17,5384,25.8,18.1,31.484,17,1968.68,1
"2019-12-16	",887.39,11224,26,3,18.52,16,3549.56,2
"2019-12-17	",619.59,7945,26.2,0,22.224,16,2478.36,1
"2019-12-18	",1139.44,14550,26.6,0,20.372,17,4557.76,2
"2019-12-19	",1312.17,16512,26.4,0.6,20.372,10,5248.68,2
"2019-12-20	",1418.64,19164,26.7,0,22.224,10,5674.56,2
"2019-12-21	",1420.71,18561,26.2,0,25.928,15,5682.84,2
"2019-12-22	",1428.07,18194,26.3,0,18.52,19,5712.28,2
"2019-12-23	",1595.44,21323,26.6,0,22.224,23,6381.76,2
"2019-12-24	",1049,13393,26.5,0,18.52,21,4196,2
"2019-12-25	",1482.09,19657,26.7,0,24.076,20,5928.36,2
"2019-12-26	",1287.68,17094,25.8,0,14.816,20,5150.72,2
"2019-12-27	",1505.32,19606,26.2,0,24.076,23,6021.28,2
"2019-12-28	",1503.45,19944,25.9,0,24.076,22,6013.8,2
"2019-12-29	",1574.88,20065,26,0,16.668,23,6299.52,2
"2019-12-30	",1524.05,19249,26.1,0,22.224,19,6096.2,2
"2019-12-31	",1286.24,18642,26.7,0,24.076,16,5144.96,2
"2020-01-01	",1567.42,19205,27.3,0,27.78,13,6269.68,2
"2020-01-02	",964.9,11959,25.8,0,40.744,23,3859.6,2
"2020-01-04	",1394.07,18664,26.2,0,24.076,18,5576.28,2
"2020-01-05	",1127.77,14301,25.9,0,24.076,20,4511.08,2
"2020-01-06	",1607.11,20913,25.6,0,24.076,18,6428.44,2
"2020-01-07	",1524.31,19010,25.6,0,16.668,31,6097.24,2
"2020-01-09	",1374.05,18552,27.3,0,24.076,12,5496.2,2
"2020-01-10	",1179.83,15268,27.2,0,18.52,17,4719.32,2
"2020-01-11	",1177.81,15064,27.3,0,12.96,21,4711.24,2
"2020-01-12	",1502.91,19657,27.3,0,22.224,29,6011.64,2
"2020-01-13	",1107.9,14284,26.5,0,20.37,25,4431.6,2
"2020-01-14	",1536.3,21259,26.5,0,25.928,17,6145.2,2
"2020-01-15	",1397.19,16550,26.2,0,22.224,22,5588.76,2
"2020-01-16	",1490.52,20110,26.3,0,27.78,31,5962.08,2
"2020-01-17	",1513.13,20445,26.3,0,24.076,32,6052.52,2
"2020-01-18	",1470.55,18624,26.9,0,27.78,32,5882.2,2
"2020-01-19	",1225.52,15730,27.5,0,20.37,26,4902.08,2
"2020-01-20	",1353.74,17924,27.3,0,33.336,25,5414.96,2
"2020-01-21	",1492.11,19499,27.6,0,31.484,12,5968.44,2
"2020-01-22	",1531.5,20434,26.9,0,25.928,20,6126,2
"2020-01-23	",1482.15,19494,27.5,0,29.632,13,5928.6,2
"2020-01-24	",1480.8,19779,27.1,0,18.52,18,5923.2,2
"2020-01-25	",1567.62,20866,26.3,0,16.668,15,6270.48,2
"2020-01-26	",1704.23,22837,26.3,0,25.928,17,6816.92,3
"2020-01-27	",1571.08,20201,26.6,0,22.224,16,6284.32,2
"2020-01-28	",1444.02,18437,26.7,0,24.076,18,5776.08,2
"2020-01-29	",1566.56,21005,26.7,0,24.076,19,6266.24,2
"2020-01-30	",1637.03,21882,26.7,0,27.78,20,6548.12,2
"2020-01-31	",1530.06,19875,26.7,0,22.224,21,6120.24,2
"2020-02-01	",1622.27,21090,27.2,0,29.632,22,6489.08,2
"2020-02-02	",1515.43,18798,27.2,0,35.188,21,6061.72,2
"2020-02-03	",1587.65,21521,26.5,0,35.188,30,6350.6,2
"2020-02-04	",1519.28,20713,26,0,33.336,27,6077.12,2
"2020-02-05	",1561.38,21957,26.2,0,33.336,15,6245.52,2
"2020-02-06	",1537.27,21754,26.5,0,29.632,17,6149.08,2
"2020-02-07	",1693.87,23344,26.7,0,33.336,19,6775.48,3
"2020-02-08	",1656.34,22756,26.2,0,27.78,27,6625.36,2
"2020-02-09	",1148.17,15411,26.1,0,25.928,24,4592.68,2
"2020-02-10	",867.85,12327,26.8,3.4,35.188,27,3471.4,2
"2020-02-11	",794.79,10428,25.6,3.3,35.188,16,3179.16,1
"2020-02-12	",1674.69,23158,27.6,0,25.928,11,6698.76,2
"2020-02-13	",1089.49,14198,27.5,0,33.336,10,4357.96,2
"2020-02-14	",1585.36,22247,27.9,0,31.484,13,6341.44,2
"2020-02-15	",1700.44,23679,28.5,0,25.928,11,6801.76,3
"2020-02-16	",1675.49,21703,28.3,0,24.076,12,6701.96,2
"2020-02-17	",1782.58,24604,27.2,2.6,31.484,12,7130.32,3
"2020-02-18	",1167.1,15592,26.5,0.4,25.928,15,4668.4,2
"2020-02-20	",1601.65,22786,27.4,0,24.076,25,6406.6,2
"2020-02-21	",1006.68,13149,26.3,0,33.336,22,4026.72,2
"2020-02-22	",976.17,13016,25.8,0.9,42.596,23,3904.68,2
"2020-02-24	",1784.57,22507,27.2,0,33.336,21,7138.28,3
"2020-02-25	",1768.73,24380,26.6,0,35.188,21,7074.92,3
"2020-02-26	",1763.96,23865,26.8,0,33.336,18,7055.84,3
"2020-02-27	",1594.9,22287,27.5,0,29.632,18,6379.6,2
"2020-02-28	",1372.58,17104,27.6,0,31.484,17,5490.32,2
"2020-02-29	",1762.48,23267,27.7,0,31.484,18,7049.92,3
"2020-03-01	",1795.43,24234,27.3,0,31.484,23,7181.72,3
"2020-03-02	",1660.58,21732,27.2,0,27.78,24,6642.32,2
"2020-03-03	",1495.87,20978,27.6,0,27.78,16,5983.48,2
"2020-03-04	",1809.19,24699,27.8,0,31.484,13,7236.76,3
"2020-03-05	",1839.1,25127,28.1,0,35.188,12,7356.4,3
"2020-03-06	",1532.16,19815,28.5,0,31.484,16,6128.64,2
"2020-03-07	",1798.67,24101,29,0,22.224,18,7194.68,3
"2020-03-08	",1821.91,24921,28.8,0,24.076,18,7287.64,3
"2020-03-09	",1778.65,24786,29.7,0,22.224,21,7114.6,3
"2020-03-10	",1638.87,22964,29.6,0,24.076,22,6555.48,2
"2020-03-11	",1592.07,22150,29.6,0,22.224,25,6368.28,2
"2020-03-12	",1800.65,25171,29.3,0,29.632,26,7202.6,3
"2020-03-13	",1794.49,23254,29.2,0,29.632,20,7177.96,3
"2020-03-14	",1876.44,26222,29,0,33.336,15,7505.76,3
"2020-03-15	",1737.49,25648,28.8,0,31.484,10,6949.96,3
"2020-03-16	",1807.14,23250,28.9,0,44.448,11,7228.56,3
"2020-03-17	",1787.71,24427,28.4,0,33.336,20,7150.84,3
"2020-03-18	",1777.28,24479,27.9,0,29.632,16,7109.12,3
"2020-03-19	",1740.21,24257,28.5,0,20.37,22,6960.84,3
"2020-03-20	",1710.15,24252,28.5,0,31.484,22,6840.6,3
"2020-03-21	",1866.82,24974,27.7,0,25.928,20,7467.28,3
"2020-03-22	",1849.19,25440,27,0,29.632,16,7396.76,3
"2020-03-23	",1762.03,24629,28,0,24.076,18,7048.12,3
"2020-03-24	",1817.37,25620,28,0,33.336,18,7269.48,3
"2020-03-25	",1746.53,24133,29.1,0,33.336,20,6986.12,3
"2020-03-26	",1825.12,24401,29.2,0,33.336,14,7300.48,3
"2020-03-27	",1888.46,26480,29.3,0,24.076,13,7553.84,3
"2020-03-28	",1779.27,25481,29.7,0,24.076,18,7117.08,3
"2020-03-29	",1597.55,22247,29.2,0,29.632,19,6390.2,2
"2020-03-30	",1594.8,22586,29.6,0,29.632,26,6379.2,2
"2020-03-31	",1835.94,25746,29.5,0,27.78,26,7343.76,3
"2020-04-01	",1785.03,26169,29.6,0,25.928,16,7140.12,3
"2020-04-02	",1717.32,23334,30.1,0,33.336,21,6869.28,3
"2020-04-03	",1589.81,21864,29.5,0,33.336,17,6359.24,2
"2020-04-04	",1749.91,24219,29.1,0,38.892,15,6999.64,3
"2020-04-05	",1559.47,21591,29.7,0,37.04,13,6237.88,2
"2020-04-06	",1855.73,25467,29.1,0,35.188,11,7422.92,3
"2020-04-07	",1828.26,25060,29.8,0,29.632,13,7313.04,3
"2020-04-08	",1572.74,22648,30.4,0,24.076,19,6290.96,2
"2020-04-09	",1644.42,22242,30.2,0,33.336,18,6577.68,2
"2020-04-10	",1303.01,18949,29.6,0,29.632,21,5212.04,2
"2020-04-11	",1661.13,24200,30.1,0,37.04,19,6644.52,2
"2020-04-12	",1798.13,25501,29.8,0,29.632,18,7192.52,3
"2020-04-13	",1686.44,24747,30.5,0,40.744,17,6745.76,3
"2020-04-14	",1284.78,18826,28.9,1.3,27.78,18,5139.12,2
"2020-04-16	",1499.45,21256,29,0.5,31.484,10,5997.8,2
"2020-04-17	",1132.6,14781,28.8,0,20.37,13,4530.4,2
"2020-04-18	",1709.99,21174,28.8,0.9,37.04,10,6839.96,3
"2020-04-19	",1594.05,21605,29.9,0,44.448,16,6376.2,2
"2020-04-20	",1929.3,25256,30.2,0,37.04,14,7717.2,3
"2020-04-21	",1930.79,25078,30.2,0,33.336,15,7723.16,3
"2020-04-22	",1902.7,26080,29.9,0,24.076,14,7610.8,3
"2020-04-23	",1434.75,18921,29.8,0,31.484,11,5739,2
"2020-04-24	",1490.58,19695,29.4,0,46.3,10,5962.32,2
"2020-04-25	",1450.11,18676,29.5,0,40.744,9,5800.44,2
"2020-04-26	",1047.68,13114,27.6,30.3,40.744,11,4190.72,2
"2020-04-27	",427.12,5512,25.9,4.2,20.37,8,1708.48,1
"2020-04-28	",1020.72,12534,27.8,0,22.224,5,4082.88,2
"2020-04-29	",806.4,10259,27.3,0.3,16.668,12,3225.6,1
"2020-05-01	",1309.66,16121,28.7,0,22.224,11,5238.64,2
"2020-05-02	",1779.98,22499,29.5,0,31.484,12,7119.92,3
"2020-05-03	",1787.18,23090,29.4,0,29.632,14,7148.72,3
"2020-05-04	",1742.51,22419,29.2,0,24.076,17,6970.04,3
"2020-05-05	",1743.34,23093,30,0,27.78,19,6973.36,3
"2020-05-06	",1764.15,23948,30.2,0,31.484,17,7056.6,3
"2020-05-07	",1749.52,22276,30.6,0,33.336,14,6998.08,3
"2020-05-08	",1292.95,17071,30.3,0,22.224,11,5171.8,2
"2020-05-09	",1512.13,20594,30.3,0,25.928,13,6048.52,2
"2020-05-10	",1211.69,15917,30.1,0,25.928,13,4846.76,2
"2020-05-11	",1246.71,15845,29.7,0,27.78,17,4986.84,2
"2020-05-12	",908.65,11708,28.2,29.7,33.336,11,3634.6,2
"2020-05-13	",1280.36,17683,28.4,0.3,25.928,13,5121.44,2
"2020-05-14	",1417.24,19760,29.4,0,31.484,11,5668.96,2
"2020-05-15	",1151.56,13270,30.3,0,38.892,15,4606.24,2
"2020-05-16	",1592.16,20793,30.3,0,20.37,13,6368.64,2
"2020-05-17	",1233.28,15373,29.5,0,24.076,14,4933.12,2
"2020-05-18	",1525.49,20161,30.8,0,38.892,11,6101.96,2
"2020-05-19	",1526.84,20107,30.6,0,24.076,16,6107.36,2
"2020-05-20	",1289.95,16344,28.4,6.8,50.004,14,5159.8,2
"2020-05-21	",1525.97,20214,29.1,0,25.928,16,6103.88,2
"2020-05-22	",984.17,14057,29,3.3,24.076,15,3936.68,2
"2020-05-23	",1466.92,18845,29.2,9,20.37,15,5867.68,2
"2020-05-24	",941.13,11890,28.2,0,31.484,20,3764.52,2
"2020-05-28	",1863.56,24321,29.1,19.3,18.52,7,7454.24,3
"2020-05-29	",1052.06,12498,27.3,1.8,27.78,9,4208.24,2
"2020-05-30	",1386.33,17684,28.6,0.3,18.52,10,5545.32,2
"2020-05-31	",1182.97,15962,27.6,5.2,31.484,6,4731.88,2
"2020-06-01	",1759.51,22964,27.9,44.7,37.04,9,7140.12,3
"2020-06-02	",1009.67,12739,27,6.3,33.336,9,6869.28,2
"2020-06-03	",1250.06,16051,27.1,31.8,48.152,11,6359.24,2
"2020-06-06	",1602.92,18786,27.9,2,29.632,15,7422.92,2
"2020-06-07	",1261.76,16045,26.9,2.2,16.668,12,7313.04,2
"2020-06-08	",1470.75,19674,26.8,4,38.892,17,6290.96,2
"2020-06-09	",1379.27,16973,27,17.9,33.336,10,6577.68,2
"2020-06-10	",1576.26,19391,27.6,0,27.78,9,5212.04,2
"2020-06-11	",1221.55,14861,26.9,20.9,44.448,18,6644.52,2
"2020-06-12	",1662.47,20110,28.5,0,25.928,14,7192.52,2
"2020-06-13	",1585.78,18716,28.5,1.3,38.892,12,6745.76,2
"2020-06-14	",1284.26,15947,26.5,19.7,35.188,8,5139.12,2
"2020-06-15	",1110.25,13783,26.5,7.8,33.336,10,5118.28,2
"2020-06-16	",1520.43,18486,28.8,1.3,22.224,14,5997.8,2
"2020-06-17	",1336.64,16455,27.5,5.3,22.224,11,4530.4,2
"2020-06-18	",1357.7,17413,27.7,11.1,20.37,10,6839.96,2
"2020-06-19	",1673.03,21949,28.1,0.8,27.78,9,6376.2,2
"2020-06-20	",1500.53,18441,28.1,22.7,29.632,13,7717.2,2
"2020-06-22	",1202.45,15731,27.3,29.3,22.224,12,7610.8,2
"2020-06-23	",1570.72,19589,28.3,0,18.52,16,5739,2
"2020-06-24	",1789.83,22790,29.5,0,16.668,18,5962.32,3
"2020-06-25	",1373.48,18528,28.6,15.9,37.04,15,5800.44,2
"2020-06-26	",995.89,12339,26.3,1.3,24.076,10,4190.72,2
"2020-06-27	",1410.87,17898,27.5,4.9,14.816,14,1708.48,2
"2020-06-28	",971.75,11450,27,2.9,27.78,15,4082.88,2
"2020-06-29	",1028.11,12592,27.1,2,18.52,20,3225.6,2
"2020-06-30	",1384.29,16957,28,0,22.224,22,4549.64,2
"2020-07-01	",1368.89,17895,28.5,0,25.928,19,5475.56,2
"2020-07-02	",1123.43,13343,26.9,13.9,31.484,17,4493.72,2
"2020-07-03	",1285.78,15844,27.8,0,14.816,15,5143.12,2
"2020-07-04	",588.83,7259,27.3,0.4,9.26,24,2355.32,1
"2020-07-05	",1242.4,15762,27.3,10.3,18.52,17,4969.6,2
"2020-07-06	",1508.2,19692,28,0.3,16.668,16,6032.8,2
"2020-07-07	",955.5,11799,27.6,0,9.26,18,3822,2
"2020-07-08	",1531.45,19472,27.8,6.2,18.52,14,6125.8,2
"2020-07-09	",1251.89,15976,26,7.2,38.892,10,5007.56,2
"2020-07-10	",1120.37,13764,26.7,7.6,16.668,11,4481.48,2
"2020-07-11	",1380.3,16567,27,0,27.78,9,5521.2,2
"2020-07-12	",1339.61,15567,26.8,1.1,27.78,8,5358.44,2
"2020-07-13	",1169.85,14107,26.1,0.7,44.448,10,4679.4,2
"2020-07-14	",1659.66,18755,28.5,2.7,14.816,12,6638.64,2
"2020-07-16	",1399.16,17734,26.8,34.1,35.188,17,5596.64,2
"2020-07-17	",1405.53,17170,27.3,6,27.78,14,5622.12,2
"2020-07-18	",1548.67,19327,28.1,0,18.52,14,6194.68,2
"2020-07-19	",1492.8,18266,28.5,5.6,11.11,15,5971.2,2
"2020-07-20	",1442.25,19913,28,0,22.224,10,5769,2
"2020-07-21	",1407.75,17516,26.7,17.3,33.336,14,5631,2
"2020-07-22	",1293.36,15674,27.3,0,14.816,15,5173.44,2
"2020-07-23	",1595.11,21070,28.2,31.3,22.224,15,6380.44,2
"2020-07-24	",1507.18,19051,27.9,5.6,24.076,12,6028.72,2
"2020-07-25	",1043.84,13271,27.2,5.8,24.076,11,4175.36,2
"2020-07-26	",1544.65,19607,27.5,1.1,22.224,9,6178.6,2
"2020-07-27	",1484.68,19536,28.1,6.8,16.668,12,5938.72,2
"2020-07-28	",1200.17,16014,27.1,67.7,25.928,13,4800.68,2
"2020-07-29	",1298.65,15896,26.8,14.6,40.744,12,5194.6,2
"2020-07-31	",1486.24,18329,27.3,2.4,31.484,12,5944.96,2
"2020-08-01	",643.67,7832,25.3,27.2,33.336,7,2574.68,1
"2020-08-02	",641.64,8134,25.8,18.5,22.224,6,2566.56,1
"2020-08-03	",1351.36,15245,27.2,23.3,44.448,8,5405.44,2
"2020-08-04	",807.27,9780,26.3,0.2,16.668,9,3229.08,1
"2020-08-05	",1183.11,14072,27.8,0,22.224,12,4732.44,2
"2020-08-07	",913.79,11151,27.1,8.2,16.668,14,3655.16,2
"2020-08-08	",1414.26,16958,27.6,0,22.224,9,5657.04,2
"2020-08-09	",1419.49,16619,27.3,1.8,24.076,7,5677.96,2
"2020-08-10	",995.99,12440,26.5,2.6,31.484,8,3983.96,2
"2020-08-12	",1230.98,14480,26.9,8.2,31.484,13,4923.92,2
"2020-08-13	",1263.25,15446,25.6,33.3,25.928,6,5053,2
"2020-08-14	",1637.87,20647,27.7,0,20.37,11,6551.48,2
"2020-08-15	",1163,13913,27.3,0.9,20.37,16,4652,2
"2020-08-16	",1551.49,20598,27.8,0,20.37,14,6205.96,2
"2020-08-17	",1758.83,24096,28.9,0,22.224,17,7035.32,3
"2020-08-18	",1757.47,22297,28.7,0,24.076,21,7029.88,3
"2020-08-19	",1618.83,21720,28,0,14.816,20,6475.32,2
"2020-08-20	",1647.1,20604,28.5,0,18.52,17,6588.4,2
"2020-08-21	",1609.24,21969,28.6,2.6,16.668,17,6436.96,2
"2020-08-22	",1552.87,20433,27.7,20,33.336,15,6211.48,2
"2020-08-23	",1632.5,23937,27.8,0.4,31.484,13,6530,2
"2020-08-24	",1694.96,23149,28.7,0,14.816,15,6779.84,3
"2020-08-25	",1308.1,17732,28,0,31.484,17,5232.4,2
"2020-08-26	",1735.35,24287,29,0,18.52,18,6941.4,3
"2020-08-27	",1634.99,24195,29,0,27.78,11,6539.96,2
"2020-08-28	",1368.39,18324,27.6,1.3,33.336,13,5473.56,2
"2020-08-29	",1729.17,23411,28.7,0,20.37,13,6916.68,3
"2020-08-30	",1705.12,22636,28.2,0,24.076,11,6820.48,3
"2020-08-31	",1615.66,22634,27.8,4.7,31.484,11,6462.64,2
"2020-09-01	",1505.62,20127,27.8,0,37.04,12,6022.48,2
"2020-09-02	",1046.06,13556,26.7,5.4,33.336,13,4184.24,2
"2020-09-03	",1485.83,20079,27.6,0,9.26,13,5943.32,2
"2020-09-04	",1584.29,22137,28.3,13.1,29.632,12,6337.16,2
"2020-09-05	",1517.88,20297,27.3,83.3,51.856,9,6071.52,2
"2020-09-06	",1489.09,20160,28,0,27.78,10,5956.36,2
"2020-09-07	",1375.86,18247,28.2,0.6,16.668,12,5503.44,2
"2020-09-08	",1605.36,21299,27.3,15.6,25.928,8,6421.44,2
"2020-09-09	",1664.56,22049,28.2,10.7,22.224,10,6658.24,2
"2020-09-10	",1486.5,20690,27.9,31.1,46.3,8,5946,2
"2020-09-11	",1425.41,18137,27.1,0.1,25.928,11,5701.64,2
"2020-09-12	",1696.33,23256,27.8,29.5,33.336,9,6785.32,3
"2020-09-14	",1230.48,15289,26.7,22.6,22.224,9,4921.92,2
"2020-09-15	",1100.71,14101,26,4.9,27.78,10,4402.84,2
"2020-09-16	",1122.36,13045,26.8,7.2,27.78,6,4489.44,2
"2020-09-17	",1339.51,15499,26.4,7.6,29.632,6,5358.04,2
"2020-09-18	",751.69,9202,25,38.6,18.52,5,3006.76,1
"2020-09-19	",796.7,9633,25.5,5.2,27.78,5,3186.8,1
"2020-09-21	",1260.25,15956,27.7,0,22.224,15,5041,2
"2020-09-22	",1517.01,19790,28,0,14.816,13,6068.04,2
"2020-09-23	",1353.73,17050,28.3,14,24.076,16,5414.92,2
"2020-09-24	",990.81,12150,26.3,9.3,18.52,8,3963.24,2
"2020-09-25	",1360.94,17802,26.4,3.5,50.004,7,5443.76,2
"2020-09-26	",1467.48,18679,27.7,0,18.52,9,5869.92,2
"2020-09-27	",921.72,11794,26.5,6.2,20.37,10,3686.88,2
"2020-09-29	",1150.8,15417,25.8,0.7,48.152,9,4603.2,2
"2020-09-30	",1767.63,23146,28.6,0,24.076,13,7070.52,3
"2020-10-01	",1079.72,13745,26,1.4,35.188,9,4318.88,2
"2020-10-02	",1404.09,17229,27.1,0.2,24.076,7,5616.36,2
"2020-10-03	",1051.73,12867,26.7,0,20.37,7,4206.92,2
"2020-10-04	",1683.85,21497,27.7,0,20.37,9,6735.4,3
"2020-10-05	",1540.24,19914,28.3,3.2,24.076,11,6160.96,2
"2020-10-06	",1050.67,12789,27.4,3.2,27.78,8,4202.68,2
"2020-10-07	",926.18,10896,25.5,45.4,31.484,9,3704.72,2
"2020-10-08	",1305.48,16128,26.3,0,18.52,8,5221.92,2
"2020-10-09	",1021.08,13380,26.5,7.1,27.78,9,4084.32,2
"2020-10-10	",1030.93,0,26.3,3.7,18.52,9,4123.72,2
"2020-10-11	",855.56,10417,25.8,8.8,27.78,9,3422.24,2
"2020-10-12	",1113.4,13495,26.2,7.3,18.52,6,4453.6,2
"2020-10-13	",961.72,11694,26.2,2.3,12.96,10,3846.88,2
"2020-10-14	",978.12,11746,26.2,24.2,24.076,8,3912.48,2
"2020-10-15	",1068.72,12821,26.1,0.2,18.52,8,4274.88,2
"2020-10-16	",1030.41,12480,25.7,12.9,40.744,9,4121.64,2
"2020-10-17	",844.16,10857,25.7,22.8,18.52,7,3376.64,2
"2020-10-18	",772.31,9579,25.9,3.5,14.816,8,3089.24,1
"2020-10-19	",1368.31,15850,27.5,0,20.37,13,5473.24,2
"2020-10-20	",1429.09,16916,27.1,0.3,29.632,13,5716.36,2
"2020-10-21	",1092.06,14549,26.5,19.4,31.484,10,4368.24,2
"2020-10-22	",926.5,10971,26.3,0,14.816,9,3706,2
"2020-10-23	",1031.98,12796,26.3,22.4,16.668,10,4127.92,2
"2020-10-24	",1202.33,14978,27.1,45.8,16.668,13,4809.32,2
"2020-10-25	",1043.11,12305,26.1,29.1,24.076,9,4172.44,2
"2020-10-26	",1337.53,15975,26.9,0,14.816,8,5350.12,2
"2020-10-27	",1143.08,14545,26.7,0,20.37,10,4572.32,2
"2020-10-28	",913.15,12321,26.4,0,22.224,8,3652.6,2
"2020-10-29	",1087.65,15065,26.1,2.9,31.484,6,4350.6,2
"2020-10-30	",1205.44,15873,26.9,8.4,38.892,8,4821.76,2
"2020-10-31	",871.49,13261,26.6,41.7,16.668,9,3485.96,2
"2020-11-01	",1410.72,19091,26.8,11.4,20.37,11,5642.88,2
"2020-11-02	",1129.16,14810,26.9,0,33.336,10,4516.64,2
"2020-11-03	",1316.15,18671,27.5,0,24.076,12,5264.6,2
"2020-11-04	",1205.04,16612,27.7,0,22.224,16,4820.16,2
"2020-11-05	",979.78,13540,27.4,0,22.224,17,3919.12,2
"2020-11-06	",1406.23,20376,27.8,0,25.928,17,5624.92,2
"2020-11-07	",1228.05,16405,27.6,20.5,18.52,16,4912.2,2
"2020-11-08	",1140.23,15009,27.4,32.9,22.224,10,4560.92,2
"2020-11-09	",902.56,11970,26,7.2,20.37,8,3610.24,2
"2020-11-10	",1074.31,15601,26.2,0.4,25.928,21,4297.24,2
"2020-11-11	",768.33,10913,26,5,33.336,31,3073.32,1
"2020-11-12	",428.27,6000,25.3,32.3,18.52,10,1713.08,1
"2020-11-13	",459.09,6283,25.4,2.4,7.4,8,1836.36,1
"2020-11-14	",839.78,11733,26.5,0,29.632,14,3359.12,2
"2020-11-15	",1457.5,21512,26.5,0,25.928,29,5830,2
"2020-11-16	",1382.95,18944,26.6,0,25.928,22,5531.8,2
"2020-11-17	",848.75,11191,27,0.2,24.076,18,3395,2
"2020-11-19	",815.93,10843,27.2,0.6,16.668,11,3263.72,1
"2020-11-20	",719.61,9934,26.1,4.3,18.52,13,2878.44,1
"2020-11-21	",960.89,12442,26.8,13.5,16.668,11,3843.56,2
"2020-11-22	",794.63,10443,26.7,0,14.816,8,3178.52,1
"2020-11-23	",327.81,17353,27.2,0,25.928,9,1311.24,1
"2020-11-24	",91.84,14273,26.9,0,24.076,13,367.36,1
"2020-11-25	",70.22,11037,26.2,14.3,24.076,11,280.88,1
"2020-11-26	",58.5,9415,26.1,1.3,35.188,8,234,1
"2020-11-27	",62.97,10332,25.9,3.7,24.076,11,251.88,1
"2020-11-28	",64.82,11019,25.8,8.5,22.224,10,259.28,1
"2020-11-29	",66.59,10914,26.3,50.7,35.188,11,266.36,1
"2020-11-30	",51.09,7959,25.8,3,29.632,7,204.36,1
"2020-12-01	",9.61,1845,24.3,89,18.52,7,38.44,1
"2020-12-02	",6.48,1232,23.7,296.9,35.188,5,25.92,1
"2020-12-03	",66.61,9536,24.9,6.5,25.928,9,266.44,1
"2020-12-04	",99.17,16786,25.9,0.9,29.632,11,396.68,1
"2020-12-05	",93.68,14116,25.8,0,38.892,18,374.72,1
"2020-12-06	",115.36,18546,26.1,0,25.928,15,461.44,1
"2020-12-07	",114.8,18104,26.2,0,20.37,15,459.2,1
"2020-12-08	",110.04,18265,26.1,0,24.076,19,440.16,1
"2020-12-09	",101.91,15042,26.3,0,27.78,22,407.64,1
"2020-12-10	",110.72,17675,25.7,0,25.928,28,442.88,1
"2020-12-11	",98.07,15894,25.2,0,20.37,39,392.28,1
"2020-12-12	",77.77,11997,26,0,22.224,35,311.08,1
"2020-12-13	",76.17,12318,26.6,0.7,11.11,21,304.68,1
"2020-12-14	",69.61,13050,26.5,0,14.816,14,278.44,1
"2020-12-15	",70.73,10916,26.2,1.1,25.928,13,282.92,1
"2020-12-16	",46.97,8055,25.6,3.5,22.224,9,187.88,1
"2020-12-17	",44.16,6862,25.6,5.9,29.632,10,176.64,1
"2020-12-18	",46.28,7396,25.8,0.7,24.076,10,185.12,1
"2020-12-19	",63.85,9765,26.2,3.6,27.78,13,255.4,1
"2020-12-20	",48.37,7301,25.8,0.4,35.188,11,193.48,1
"2020-12-21	",48.34,7474,24.6,0,33.336,12,193.36,1
"2020-12-22	",75.15,10746,24.4,0,27.78,24,300.6,1
"2020-12-23	",36.69,5834,23.3,0.6,24.076,29,146.76,1
"2020-12-24	",6.93,1344,23.6,8.5,14.816,31,27.72,1
"2020-12-25	",79.25,11100,26,0.6,18.52,22,317,1
"2020-12-26	",85.6,11560,26.6,3.2,22.224,8,342.4,1
"2020-12-27	",109.19,17863,26.9,0,25.928,9,436.76,1
"2020-12-28	",112,17463,26.5,0,22.224,11,448,1
"2020-12-29	",117.51,18118,26.6,0,20.37,12,470.04,1
"2020-12-30	",97.83,14918,26.9,4.4,22.224,15,391.32,1
"2020-12-31	",51.33,8819,24.9,2.1,29.632,17,205.32,1
